<?xml version="1.0" encoding="UTF-8" standalone="yes"?>
<addon id="repository.gkobu" name="GKoBu Repository" version="0.2.5" provider-name="GKoBu">
    <extension point="xbmc.addon.repository" name="GKoBu Repository">
            <dir minversion="17.9.9" maxversion="18.9.9">
                <info compressed="false">https://gknwizard.eu/repo/Builds/GKoBu/Plugins/leia/addons.xml</info>
                <checksum>https://gknwizard.eu/repo/Builds/GKoBu/Plugins/leia/addons.xml.md5</checksum>
                <datadir zip="true">https://gknwizard.eu/repo/Builds/GKoBu/Plugins/leia/</datadir>
            </dir>
            <dir minversion="18.9.9">
                <info compressed="false">https://gknwizard.eu/repo/Builds/GKoBu/Plugins/matrix/addons.xml</info>
                <checksum>https://gknwizard.eu/repo/Builds/GKoBu/Plugins/matrix/addons.xml.md5</checksum>
                <datadir zip="true">https://gknwizard.eu/repo/Builds/GKoBu/Plugins/matrix/</datadir>
            </dir>
            <dir minversion="19.9.9">
                <info compressed="false">https://gknwizard.eu/repo/Builds/GKoBu/Plugins/nexus/addons.xml</info>
                <checksum>https://gknwizard.eu/repo/Builds/GKoBu/Plugins/nexus/addons.xml.md5</checksum>
                <datadir zip="true">https://gknwizard.eu/repo/Builds/GKoBu/Plugins/nexus/</datadir>
            </dir>
            <dir minversion="20.9.9">
                <info compressed="false">https://gknwizard.eu/repo/Builds/GKoBu/Plugins/omega/addons.xml</info>
                <checksum>https://gknwizard.eu/repo/Builds/GKoBu/Plugins/omega/addons.xml.md5</checksum>
                <datadir zip="true">https://gknwizard.eu/repo/Builds/GKoBu/Plugins/omega/</datadir>
            </dir>
            <dir>
                <info compressed="false">https://raw.githubusercontent.com/Gujal00/smrzips/master/addons.xml</info>
                <checksum>https://raw.githubusercontent.com/Gujal00/smrzips/master/addons.xml.md5</checksum>
                <datadir zip="true">https://raw.githubusercontent.com/Gujal00/smrzips/master/zips/</datadir>
            </dir>
            <dir minversion="18.9.9">
                <info compressed="false">https://raw.githubusercontent.com/not-coco-joe/repository.cocoscrapers/master/zips/addons.xml</info>
                <checksum>https://raw.githubusercontent.com/not-coco-joe/repository.cocoscrapers/master/zips/addons.xml.md5</checksum>
                <datadir zip="true">https://raw.githubusercontent.com/not-coco-joe/repository.cocoscrapers/master/zips/</datadir>
            </dir>
    </extension>
    <extension point="xbmc.addon.metadata">
        <summary>GKoBu Repository</summary>
        <description>GKoBu Builds Repository. I'm not responsible of any damage this repo causes on a non GKoBu build</description>
        <platform>all</platform>
        <assets>
            <icon>icon.png</icon>
            <fanart>fanart.jpg</fanart>
        </assets>
    </extension>
</addon>
